<LanguageCFG>
    <NODE><KEY KeyString="Device List" String="Liste des Appareils" Font="Arial" Color="255.255.255" Size="12" Offset="-1,-1"/></NODE>
    <NODE><KEY KeyString="List1" String="Nom d'Hôte" Font="Arial" Color="255.255.255" Size="12" Offset="-1,-1"/></NODE>
    <NODE><KEY KeyString="List2" String="Adresse IP" Font="Arial" Color="255.255.255" Size="12" Offset="-1,-1"/></NODE>
    <NODE><KEY KeyString="List3" String="Type d'Appareil" Font="Arial" Color="255.255.255" Size="12" Offset="-1,-1"/></NODE>
    <NODE><KEY KeyString="Refresh" String="Rafraîchir" Font="Arial" Color="255.255.255" Size="12" Offset="-1,-1"/></NODE>
    <NODE><KEY KeyString="Log In" String="Connecter" Font="Arial" Color="255.255.255" Size="12" Offset="-1,-1"/></NODE>
    <NODE><KEY KeyString="My storage" String="Mon Storage" Font="Arial" Color="255.255.255" Size="12" Offset="-1,-1"/></NODE>
    <NODE><KEY KeyString="Search Time" String="En attente de recherche(s)" Font="Arial" Color="255.255.255" Size="12" Offset="-1,-1"/></NODE>
</LanguageCFG>