<LanguageCFG>
    <NODE><KEY KeyString="Device List" String="장치 리스트" Font="Arial" Color="255.255.255" Size="12" Offset="-1,-1"/></NODE>
    <NODE><KEY KeyString="List1" String="호스트 이름" Font="Arial" Color="255.255.255" Size="12" Offset="-1,-1"/></NODE>
    <NODE><KEY KeyString="List2" String="IP 주소" Font="Arial" Color="255.255.255" Size="12" Offset="-1,-1"/></NODE>
    <NODE><KEY KeyString="List3" String="장치 형태" Font="Arial" Color="255.255.255" Size="12" Offset="-1,-1"/></NODE>
    <NODE><KEY KeyString="Refresh" String="장치 형태" Font="Arial" Color="255.255.255" Size="12" Offset="-1,-1"/></NODE>
    <NODE><KEY KeyString="Log In" String="장치 형태" Font="Arial" Color="255.255.255" Size="12" Offset="-1,-1"/></NODE>
    <NODE><KEY KeyString="My storage" String="Wifi Storage" Font="Arial" Color="255.255.255" Size="12" Offset="-1,-1"/></NODE>
    <NODE><KEY KeyString="Search Time" String="Waiting for searching(s):" Font="Arial" Color="255.255.255" Size="12" Offset="-1,-1"/></NODE>
</LanguageCFG>