<LanguageCFG>
    <NODE><KEY KeyString="Device List" String="Device List" Font="Arial" Color="255.255.255" Size="12" Offset="-1,-1"/></NODE>
    <NODE><KEY KeyString="List1" String="Host Name" Font="Arial" Color="255.255.255" Size="12" Offset="-1,-1"/></NODE>
    <NODE><KEY KeyString="List2" String="IP Address" Font="Arial" Color="255.255.255" Size="12" Offset="-1,-1"/></NODE>
    <NODE><KEY KeyString="List3" String="Device Type" Font="Arial" Color="255.255.255" Size="12" Offset="-1,-1"/></NODE>
    <NODE><KEY KeyString="Refresh" String="Refresh" Font="Arial" Color="255.255.255" Size="12" Offset="-1,-1"/></NODE>
    <NODE><KEY KeyString="Log In" String="Log In" Font="Arial" Color="255.255.255" Size="12" Offset="-1,-1"/></NODE>
    <NODE><KEY KeyString="My storage" String="My Storage" Font="Arial" Color="255.255.255" Size="12" Offset="-1,-1"/></NODE>
    <NODE><KEY KeyString="Search Time" String="Waiting for searching(s):" Font="Arial" Color="255.255.255" Size="12" Offset="-1,-1"/></NODE>
</LanguageCFG>