<LanguageCFG>
    <NODE><KEY KeyString="Device List" String="設備列表" Font="Arial" Color="255.255.255" Size="12" Offset="-1,-1"/></NODE>
    <NODE><KEY KeyString="List1" String="主機名稱" Font="Arial" Color="255.255.255" Size="12" Offset="-1,-1"/></NODE>
    <NODE><KEY KeyString="List2" String="IP地址" Font="Arial" Color="255.255.255" Size="12" Offset="-1,-1"/></NODE>
    <NODE><KEY KeyString="List3" String="設備類型" Font="Arial" Color="255.255.255" Size="12" Offset="-1,-1"/></NODE>
    <NODE><KEY KeyString="Refresh" String="刷新" Font="Arial" Color="255.255.255" Size="12" Offset="-1,-1"/></NODE>
    <NODE><KEY KeyString="Log In" String="登錄" Font="Arial" Color="255.255.255" Size="12" Offset="-1,-1"/></NODE>
    <NODE><KEY KeyString="My storage" String="我的設備" Font="Arial" Color="255.255.255" Size="12" Offset="-1,-1"/></NODE>
    <NODE><KEY KeyString="Search Time" String="搜索時間還剩(秒):" Font="Arial" Color="255.255.255" Size="12" Offset="-1,-1"/></NODE>
</LanguageCFG>