<LanguageCFG>
    <NODE><KEY KeyString="Device List" String="Список устройства" Font="Arial" Color="255.255.255" Size="12" Offset="-1,-1"/></NODE>
    <NODE><KEY KeyString="List1" String="Имя хоста" Font="Arial" Color="255.255.255" Size="12" Offset="-1,-1"/></NODE>
    <NODE><KEY KeyString="List2" String="адресIP" Font="Arial" Color="255.255.255" Size="12" Offset="-1,-1"/></NODE>
    <NODE><KEY KeyString="List3" String="Тип устройства" Font="Arial" Color="255.255.255" Size="12" Offset="-1,-1"/></NODE>
    <NODE><KEY KeyString="Refresh" String="Обновить" Font="Arial" Color="255.255.255" Size="12" Offset="-1,-1"/></NODE>
    <NODE><KEY KeyString="Log In" String="Вход" Font="Arial" Color="255.255.255" Size="12" Offset="-1,-1"/></NODE>
    <NODE><KEY KeyString="My storage" String="Моё устройство" Font="Arial" Color="255.255.255" Size="12" Offset="-1,-1"/></NODE>
    <NODE><KEY KeyString="Search Time" String="остальное время поиска (а):" Font="Arial" Color="255.255.255" Size="12" Offset="-1,-1"/></NODE>
</LanguageCFG>